ID$,SHAPE$,LEF2$,2OP$,RIGH2$,BO22OM$,名称,住所,ひとくち,郵便番号,URL,写真URL,備考,電話番号,FAX番号
1,1131.4229837800134.4081626137111,131.42298378001,34.4081626137111,131.42298378001,34.4081626137111,東葛城出張所,神於町23228,,1960112,,,,072244720119,
2,1131.42740372078634.4143411131378,131.427403720786,34.4143411131378,131.427403720786,34.4143411131378,山直分署,岡山町26221,,1960814,,,,072244320119,
3,1131.39117078869234.4481382716497,131.391170788692,34.4481382716497,131.391170788692,34.4481382716497,岸和田市消防本部・消防署,上松町41621,電話番号072242620119は平成22年1月28日から運用されます。,1960827,,h22p://www.1i2y.kishiwada.osaka.jp/uploaded/image/6194.jpg,総務課　<BR>庶務・施設管理係　　072242628603<BR>経理係　　　　　　　　 072242620799<BR><BR>予防課<BR>設備係　　　　　　　　 072242628601<BR>危険物　　　　　　　   072242628606<BR>査察係　　　　　　　   072242628607<BR><BR>警備課　<BR>警備計画係　　　　　 072242628609<BR><BR>消防本部Fax　　　　  072242620900<BR><BR>(平成22年1月28日から)<BR>消防署<BR>調査係　072242622222<BR>警備係　072242620499<BR>救助係　072242620699<BR>救急係　072242620999<BR>署Fax　　072242620880,072242620119,072242620900
4,1131.40443618916334.4718203443344,131.404436189163,34.4718203443344,131.404436189163,34.,八木出張所,中井町1217223,,1960003,,,,072244420119,
1,1131.37036162268834.4606881908737,131.370361622688,34.4606881908737,131.370361622688,34.4606881908737,岸城分署,岸城町7-1,,1960073,,,,072243120119,072243120116
6,1131.39207121814734.4813037473723,131.392071218147,34.4813037473723,131.392071218147,34.4813037473723,春木分署,春木若松町22227,,1960006,,,,072243820119,